<?xml version="1.0" encoding="utf-8"?>
<layer-list xmlns:android="http://schemas.android.com/apk/res/android">
	<!-- outer rectangle -->
	<item>
		<shape android:shape="rectangle">
			<corners android:radius="4dp" />
			<size
				android:width="22dp"
				android:height="22dp"/>
			<stroke
				android:width="2dp"
				android:color="#69f0ae">
			</stroke>
			<!-- fake background -->
			<solid
				android:color="#00FFFFFF">
			</solid>
		</shape>
	</item>
	<!-- cross -->
	<item android:top="0dp" android:right="0dp" android:left="0dp" android:bottom="0dp">
		<rotate
			android:fromDegrees="45"
			android:toDegrees="45"
			android:pivotX="50%"
			android:pivotY="50%" >
			<shape android:shape="line">
				<stroke
					android:width="2dp"
					android:color="#69f0ae" />
				<size android:height="2dp" />
			</shape>
		</rotate>
	</item>
	<item android:top="0dp" android:right="0dp" android:left="0dp" android:bottom="0dp">
		<rotate
			android:fromDegrees="135"
			android:toDegrees="135"
			android:pivotX="50%"
			android:pivotY="50%" >
			<shape android:shape="line">
				<stroke
					android:width="2dp"
					android:color="#69f0ae" />
				<size android:height="2dp" />
			</shape>
		</rotate>
	</item>
</layer-list>